{
  "adam_beta1": 0.872078144078144,
  "adam_beta2": 0.9326686202686203,
  "dropout": 0.3416849816849817,
  "embedding_lr": 0.8481196581196581,
  "matrix_lr": 0.015256410256410256,
  "scalar_lr": 0.8248473748473748,
  "unembedding_lr": 0.002290476190476191,
  "warmdown_ratio": 0.1298901098901099,
  "warmup_ratio": 0.23135531135531134,
  "weight_decay": 0.378021978021978
}